Normal-1.jpg,1
Normal-2.jpg,1
Normal-3.jpg,1
Normal-4.jpg,1
Normal-5.jpg,1
Normal-6.jpg,1
Normal-7.jpg,1
Normal-8.jpg,1
Normal-9.jpg,1
Normal-10.jpg,1
Normal-11.jpg,1
Normal-12.jpg,1
Normal-13.jpg,1
Normal-14.jpg,1
Normal-15.jpg,1
Normal-76.jpg,1
Normal-77.jpg,1
Normal-78.jpg,1
Normal-79.jpg,1
Normal-80.jpg,1
Normal-81.jpg,1
Normal-82.jpg,1
Normal-83.jpg,1
Normal-84.jpg,1
Normal-85.jpg,1
Normal-86.jpg,1
Normal-87.jpg,1
Normal-88.jpg,1
Normal-89.jpg,1
Normal-90.jpg,1
Normal-8.jpg,1
Tropika Stadium I-16.jpg,2
Tropika Stadium I-17.jpg,2
Tropika Stadium I-18.jpg,2
Tropika Stadium I-19.jpg,2
Tropika Stadium I-20.jpg,2
Tropika Stadium I-21.jpg,2
Tropika Stadium I-22.jpg,2
Tropika Stadium I-23.jpg,2
Tropika Stadium I-24.jpg,2
Tropika Stadium I-25.jpg,2
Tropika Stadium I-26.jpg,2
Tropika Stadium I-27.jpg,2
Tropika Stadium I-28.jpg,2
Tropika Stadium I-29.jpg,2
Tropika Stadium I-30.jpg,2
Tropika Stadium I-91.jpg,2
Tropika Stadium I-92.jpg,2
Tropika Stadium I-93.jpg,2
Tropika Stadium I-94.jpg,2
Tropika Stadium I-95.jpg,2
Tropika Stadium I-96.jpg,2
Tropika Stadium I-97.jpg,2
Tropika Stadium I-98.jpg,2
Tropika Stadium I-99.jpg,2
Tropika Stadium I-100.jpg,2
Tropika Stadium I-101.jpg,2
Tropika Stadium I-102.jpg,2
Tropika Stadium I-103.jpg,2
Tropika Stadium I-104.jpg,2
Tropika Stadium I-105.jpg,2
Tropika Stadium II-31.jpg,3
Tropika Stadium II-32.jpg,3
Tropika Stadium II-33.jpg,3
Tropika Stadium II-34.jpg,3
Tropika Stadium II-35.jpg,3
Tropika Stadium II-36.jpg,3
Tropika Stadium II-37.jpg,3
Tropika Stadium II-38.jpg,3
Tropika Stadium II-39.jpg,3
Tropika Stadium II-40.jpg,3
Tropika Stadium II-41.jpg,3
Tropika Stadium II-42.jpg,3
Tropika Stadium II-43.jpg,3
Tropika Stadium II-44.jpg,3
Tropika Stadium II-45.jpg,3
Tropika Stadium II-106.jpg,3
Tropika Stadium II-107.jpg,3
Tropika Stadium II-108.jpg,3
Tropika Stadium II-109.jpg,3
Tropika Stadium II-110.jpg,3
Tropika Stadium II-111.jpg,3
Tropika Stadium II-112.jpg,3
Tropika Stadium II-113.jpg,3
Tropika Stadium II-114.jpg,3
Tropika Stadium II-115.jpg,3
Tropika Stadium II-116.jpg,3
Tropika Stadium II-117.jpg,3
Tropika Stadium II-118.jpg,3
Tropika Stadium II-119.jpg,3
Tropika Stadium II-120.jpg,3
Tropika Stadium III-46.jpg,4
Tropika Stadium III-47.jpg,4
Tropika Stadium III-48.jpg,4
Tropika Stadium III-49.jpg,4
Tropika Stadium III-50.jpg,4
Tropika Stadium III-51.jpg,4
Tropika Stadium III-52.jpg,4
Tropika Stadium III-53.jpg,4
Tropika Stadium III-54.jpg,4
Tropika Stadium III-55.jpg,4
Tropika Stadium III-56.jpg,4
Tropika Stadium III-57.jpg,4
Tropika Stadium III-58.jpg,4
Tropika Stadium III-59.jpg,4
Tropika Stadium III-60.jpg,4
Tropika Stadium III-121.jpg,4
Tropika Stadium III-122.jpg,4
Tropika Stadium III-123.jpg,4
Tropika Stadium III-124.jpg,4
Tropika Stadium III-125.jpg,4
Tropika Stadium III-126.jpg,4
Tropika Stadium III-127.jpg,4
Tropika Stadium III-128.jpg,4
Tropika Stadium III-129.jpg,4
Tropika Stadium III-130.jpg,4
Tropika Stadium III-131.jpg,4
Tropika Stadium III-132.jpg,4
Tropika Stadium III-133.jpg,4
Tropika Stadium III-134.jpg,4
Tropika Stadium III-135.jpg,4
